years after 1958,decimal date,CO2 average,deseasonalized,ndays,sdev,unc
0.25,1958.2027,315.71,314.44,-1,-9.99,-0.99
0.333333333,1958.2877,317.45,315.16,-1,-9.99,-0.99
0.416666667,1958.3699,317.51,314.69,-1,-9.99,-0.99
0.5,1958.4548,317.27,315.15,-1,-9.99,-0.99
0.583333333,1958.537,315.87,315.2,-1,-9.99,-0.99
0.666666667,1958.6219,314.93,316.21,-1,-9.99,-0.99
0.75,1958.7068,313.21,316.11,-1,-9.99,-0.99
0.833333333,1958.789,312.42,315.41,-1,-9.99,-0.99
0.916666667,1958.874,313.33,315.21,-1,-9.99,-0.99
1,1958.9562,314.67,315.43,-1,-9.99,-0.99
1.083333333,1959.0411,315.58,315.52,-1,-9.99,-0.99
1.166666667,1959.126,316.49,315.84,-1,-9.99,-0.99
1.25,1959.2027,316.65,315.37,-1,-9.99,-0.99
1.333333333,1959.2877,317.72,315.42,-1,-9.99,-0.99
1.416666667,1959.3699,318.29,315.46,-1,-9.99,-0.99
1.5,1959.4548,318.15,316,-1,-9.99,-0.99
1.583333333,1959.537,316.54,315.87,-1,-9.99,-0.99
1.666666667,1959.6219,314.8,316.09,-1,-9.99,-0.99
1.75,1959.7068,313.84,316.75,-1,-9.99,-0.99
1.833333333,1959.789,313.33,316.34,-1,-9.99,-0.99
1.916666667,1959.874,314.81,316.69,-1,-9.99,-0.99
2,1959.9562,315.58,316.35,-1,-9.99,-0.99
2.083333333,1960.041,316.43,316.38,-1,-9.99,-0.99
2.166666667,1960.1257,316.98,316.33,-1,-9.99,-0.99
2.25,1960.2049,317.58,316.27,-1,-9.99,-0.99
2.333333333,1960.2896,319.03,316.7,-1,-9.99,-0.99
2.416666667,1960.3716,320.03,317.19,-1,-9.99,-0.99
2.5,1960.4563,319.58,317.45,-1,-9.99,-0.99
2.583333333,1960.5383,318.18,317.54,-1,-9.99,-0.99
2.666666667,1960.623,315.9,317.22,-1,-9.99,-0.99
2.75,1960.7077,314.17,317.1,-1,-9.99,-0.99
2.833333333,1960.7896,313.83,316.85,-1,-9.99,-0.99
2.916666667,1960.8743,315,316.89,-1,-9.99,-0.99
3,1960.9563,316.19,316.96,-1,-9.99,-0.99
3.083333333,1961.0411,316.89,316.84,-1,-9.99,-0.99
3.166666667,1961.126,317.7,317.05,-1,-9.99,-0.99
3.25,1961.2027,318.54,317.25,-1,-9.99,-0.99
3.333333333,1961.2877,319.48,317.16,-1,-9.99,-0.99
3.416666667,1961.3699,320.58,317.73,-1,-9.99,-0.99
3.5,1961.4548,319.77,317.61,-1,-9.99,-0.99
3.583333333,1961.537,318.56,317.89,-1,-9.99,-0.99
3.666666667,1961.6219,316.79,318.09,-1,-9.99,-0.99
3.75,1961.7068,314.99,317.92,-1,-9.99,-0.99
3.833333333,1961.789,315.31,318.34,-1,-9.99,-0.99
3.916666667,1961.874,316.1,318,-1,-9.99,-0.99
4,1961.9562,317.01,317.78,-1,-9.99,-0.99
4.083333333,1962.0411,317.94,317.89,-1,-9.99,-0.99
4.166666667,1962.126,318.55,317.89,-1,-9.99,-0.99
4.25,1962.2027,319.68,318.39,-1,-9.99,-0.99
4.333333333,1962.2877,320.57,318.24,-1,-9.99,-0.99
4.416666667,1962.3699,321.02,318.16,-1,-9.99,-0.99
4.5,1962.4548,320.62,318.45,-1,-9.99,-0.99
4.583333333,1962.537,319.61,318.94,-1,-9.99,-0.99
4.666666667,1962.6219,317.4,318.71,-1,-9.99,-0.99
4.75,1962.7068,316.24,319.18,-1,-9.99,-0.99
4.833333333,1962.789,315.42,318.46,-1,-9.99,-0.99
4.916666667,1962.874,316.69,318.59,-1,-9.99,-0.99
5,1962.9562,317.7,318.47,-1,-9.99,-0.99
5.083333333,1963.0411,318.74,318.69,-1,-9.99,-0.99
5.166666667,1963.126,319.07,318.41,-1,-9.99,-0.99
5.25,1963.2027,319.86,318.57,-1,-9.99,-0.99
5.333333333,1963.2877,321.38,319.05,-1,-9.99,-0.99
5.416666667,1963.3699,322.24,319.38,-1,-9.99,-0.99
5.5,1963.4548,321.49,319.31,-1,-9.99,-0.99
5.583333333,1963.537,319.74,319.07,-1,-9.99,-0.99
5.666666667,1963.6219,317.77,319.07,-1,-9.99,-0.99
5.75,1963.7068,316.21,319.16,-1,-9.99,-0.99
5.833333333,1963.789,315.99,319.03,-1,-9.99,-0.99
5.916666667,1963.874,317.07,318.98,-1,-9.99,-0.99
6,1963.9562,318.35,319.13,-1,-9.99,-0.99
6.083333333,1964.041,319.57,319.52,-1,-9.99,-0.99
6.166666667,1964.1257,320.04,319.37,-1,-9.99,-0.99
6.25,1964.2049,320.75,319.41,-1,-9.99,-0.99
6.333333333,1964.2896,321.84,319.46,-1,-9.99,-0.99
6.416666667,1964.3716,322.25,319.37,-1,-9.99,-0.99
6.5,1964.4563,321.89,319.73,-1,-9.99,-0.99
6.583333333,1964.5383,320.44,319.79,-1,-9.99,-0.99
6.666666667,1964.623,318.69,320.03,-1,-9.99,-0.99
6.75,1964.7077,316.71,319.67,-1,-9.99,-0.99
6.833333333,1964.7896,316.87,319.93,-1,-9.99,-0.99
6.916666667,1964.8743,317.68,319.59,-1,-9.99,-0.99
7,1964.9563,318.71,319.49,-1,-9.99,-0.99
7.083333333,1965.0411,319.44,319.38,-1,-9.99,-0.99
7.166666667,1965.126,320.44,319.79,-1,-9.99,-0.99
7.25,1965.2027,320.89,319.59,-1,-9.99,-0.99
7.333333333,1965.2877,322.14,319.79,-1,-9.99,-0.99
7.416666667,1965.3699,322.17,319.28,-1,-9.99,-0.99
7.5,1965.4548,321.87,319.68,-1,-9.99,-0.99
7.583333333,1965.537,321.21,320.53,-1,-9.99,-0.99
7.666666667,1965.6219,318.87,320.18,-1,-9.99,-0.99
7.75,1965.7068,317.82,320.78,-1,-9.99,-0.99
7.833333333,1965.789,317.3,320.37,-1,-9.99,-0.99
7.916666667,1965.874,318.87,320.79,-1,-9.99,-0.99
8,1965.9562,319.42,320.2,-1,-9.99,-0.99
8.083333333,1966.0411,320.62,320.57,-1,-9.99,-0.99
8.166666667,1966.126,321.6,320.94,-1,-9.99,-0.99
8.25,1966.2027,322.39,321.08,-1,-9.99,-0.99
8.333333333,1966.2877,323.7,321.34,-1,-9.99,-0.99
8.416666667,1966.3699,324.08,321.18,-1,-9.99,-0.99
8.5,1966.4548,323.75,321.55,-1,-9.99,-0.99
8.583333333,1966.537,322.37,321.69,-1,-9.99,-0.99
8.666666667,1966.6219,320.36,321.68,-1,-9.99,-0.99
8.75,1966.7068,318.64,321.61,-1,-9.99,-0.99
8.833333333,1966.789,318.1,321.18,-1,-9.99,-0.99
8.916666667,1966.874,319.78,321.71,-1,-9.99,-0.99
9,1966.9562,321.02,321.81,-1,-9.99,-0.99
9.083333333,1967.0411,322.33,322.28,-1,-9.99,-0.99
9.166666667,1967.126,322.5,321.83,-1,-9.99,-0.99
9.25,1967.2027,323.03,321.72,-1,-9.99,-0.99
9.333333333,1967.2877,324.41,322.05,-1,-9.99,-0.99
9.416666667,1967.3699,325,322.09,-1,-9.99,-0.99
9.5,1967.4548,324.09,321.89,-1,-9.99,-0.99
9.583333333,1967.537,322.54,321.86,-1,-9.99,-0.99
9.666666667,1967.6219,320.92,322.24,-1,-9.99,-0.99
9.75,1967.7068,319.25,322.24,-1,-9.99,-0.99
9.833333333,1967.789,319.39,322.48,-1,-9.99,-0.99
9.916666667,1967.874,320.73,322.66,-1,-9.99,-0.99
10,1967.9562,321.96,322.74,-1,-9.99,-0.99
10.08333333,1968.041,322.57,322.51,-1,-9.99,-0.99
10.16666667,1968.1257,323.15,322.48,-1,-9.99,-0.99
10.25,1968.2049,323.89,322.55,-1,-9.99,-0.99
10.33333333,1968.2896,325.02,322.63,-1,-9.99,-0.99
10.41666667,1968.3716,325.57,322.66,-1,-9.99,-0.99
10.5,1968.4563,325.36,323.17,-1,-9.99,-0.99
10.58333333,1968.5383,324.14,323.48,-1,-9.99,-0.99
10.66666667,1968.623,322.11,323.46,-1,-9.99,-0.99
10.75,1968.7077,320.33,323.33,-1,-9.99,-0.99
10.83333333,1968.7896,320.25,323.34,-1,-9.99,-0.99
10.91666667,1968.8743,321.32,323.26,-1,-9.99,-0.99
11,1968.9563,322.89,323.68,-1,-9.99,-0.99
11.08333333,1969.0411,324,323.95,-1,-9.99,-0.99
11.16666667,1969.126,324.41,323.75,-1,-9.99,-0.99
11.25,1969.2027,325.63,324.31,-1,-9.99,-0.99
11.33333333,1969.2877,326.66,324.28,-1,-9.99,-0.99
11.41666667,1969.3699,327.38,324.46,-1,-9.99,-0.99
11.5,1969.4548,326.71,324.49,-1,-9.99,-0.99
11.58333333,1969.537,325.88,325.19,-1,-9.99,-0.99
11.66666667,1969.6219,323.66,324.99,-1,-9.99,-0.99
11.75,1969.7068,322.38,325.38,-1,-9.99,-0.99
11.83333333,1969.789,321.78,324.89,-1,-9.99,-0.99
11.91666667,1969.874,322.85,324.8,-1,-9.99,-0.99
12,1969.9562,324.11,324.91,-1,-9.99,-0.99
12.08333333,1970.0411,325.06,325.01,-1,-9.99,-0.99
12.16666667,1970.126,325.99,325.31,-1,-9.99,-0.99
12.25,1970.2027,326.93,325.61,-1,-9.99,-0.99
12.33333333,1970.2877,328.13,325.75,-1,-9.99,-0.99
12.41666667,1970.3699,328.08,325.15,-1,-9.99,-0.99
12.5,1970.4548,327.67,325.44,-1,-9.99,-0.99
12.58333333,1970.537,326.34,325.65,-1,-9.99,-0.99
12.66666667,1970.6219,324.68,326.02,-1,-9.99,-0.99
12.75,1970.7068,323.1,326.11,-1,-9.99,-0.99
12.83333333,1970.789,323.06,326.18,-1,-9.99,-0.99
12.91666667,1970.874,324.01,325.96,-1,-9.99,-0.99
13,1970.9562,325.13,325.93,-1,-9.99,-0.99
13.08333333,1971.0411,326.17,326.12,-1,-9.99,-0.99
13.16666667,1971.126,326.69,326.01,-1,-9.99,-0.99
13.25,1971.2027,327.18,325.85,-1,-9.99,-0.99
13.33333333,1971.2877,327.78,325.39,-1,-9.99,-0.99
13.41666667,1971.3699,328.93,325.99,-1,-9.99,-0.99
13.5,1971.4548,328.57,326.34,-1,-9.99,-0.99
13.58333333,1971.537,327.36,326.67,-1,-9.99,-0.99
13.66666667,1971.6219,325.43,326.77,-1,-9.99,-0.99
13.75,1971.7068,323.36,326.38,-1,-9.99,-0.99
13.83333333,1971.789,323.56,326.69,-1,-9.99,-0.99
13.91666667,1971.874,324.8,326.75,-1,-9.99,-0.99
14,1971.9562,326.01,326.81,-1,-9.99,-0.99
14.08333333,1972.041,326.77,326.71,-1,-9.99,-0.99
14.16666667,1972.1257,327.63,326.96,-1,-9.99,-0.99
14.25,1972.2049,327.75,326.39,-1,-9.99,-0.99
14.33333333,1972.2896,329.72,327.3,-1,-9.99,-0.99
14.41666667,1972.3716,330.07,327.12,-1,-9.99,-0.99
14.5,1972.4563,329.09,326.87,-1,-9.99,-0.99
14.58333333,1972.5383,328.04,327.38,-1,-9.99,-0.99
14.66666667,1972.623,326.32,327.69,-1,-9.99,-0.99
14.75,1972.7077,324.84,327.88,-1,-9.99,-0.99
14.83333333,1972.7896,325.2,328.33,-1,-9.99,-0.99
14.91666667,1972.8743,326.5,328.46,-1,-9.99,-0.99
15,1972.9563,327.55,328.35,-1,-9.99,-0.99
15.08333333,1973.0411,328.55,328.49,-1,-9.99,-0.99
15.16666667,1973.126,329.57,328.89,-1,-9.99,-0.99
15.25,1973.2027,330.3,328.97,-1,-9.99,-0.99
15.33333333,1973.2877,331.5,329.1,-1,-9.99,-0.99
15.41666667,1973.3699,332.48,329.52,-1,-9.99,-0.99
15.5,1973.4548,332.07,329.83,-1,-9.99,-0.99
15.58333333,1973.537,330.87,330.18,-1,-9.99,-0.99
15.66666667,1973.6219,329.31,330.66,-1,-9.99,-0.99
15.75,1973.7068,327.52,330.56,-1,-9.99,-0.99
15.83333333,1973.789,327.19,330.33,-1,-9.99,-0.99
15.91666667,1973.874,328.17,330.13,-1,-9.99,-0.99
16,1973.9562,328.65,329.45,-1,-9.99,-0.99
16.08333333,1974.0411,329.36,329.3,-1,-9.99,-0.99
16.16666667,1974.126,330.71,330.03,-1,-9.99,-0.99
16.25,1974.2027,331.49,330.15,-1,-9.99,-0.99
16.33333333,1974.2877,332.65,330.24,-1,-9.99,-0.99
16.41666667,1974.375,333.19,330.22,13,0.31,0.16
16.5,1974.4583,332.2,329.79,25,0.37,0.14
16.58333333,1974.5417,331.07,330.21,24,0.24,0.09
16.66666667,1974.625,329.15,330.54,26,0.31,0.12
16.75,1974.7083,327.33,330.44,22,0.47,0.19
16.83333333,1974.7917,327.28,330.53,24,0.22,0.09
16.91666667,1974.875,328.31,330.5,26,0.43,0.16
17,1974.9583,329.58,330.55,29,0.29,0.1
17.08333333,1975.0417,330.73,330.84,29,0.43,0.15
17.16666667,1975.125,331.46,330.85,26,0.46,0.17
17.25,1975.2083,331.94,330.37,17,0.33,0.15
17.33333333,1975.2917,333.11,330.53,23,0.59,0.24
17.41666667,1975.375,333.95,330.98,28,0.35,0.13
17.5,1975.4583,333.42,331.01,27,0.48,0.18
17.58333333,1975.5417,331.97,331.12,24,0.45,0.18
17.66666667,1975.625,329.95,331.33,24,0.47,0.18
17.75,1975.7083,328.49,331.6,22,0.53,0.22
17.83333333,1975.7917,328.36,331.61,11,0.21,0.12
17.91666667,1975.875,329.38,331.57,18,0.31,0.14
18,1975.9583,330.76,331.73,-1,-9.99,0
18.08333333,1976.0417,331.56,331.67,19,0.23,0.1
18.16666667,1976.125,332.74,332.13,22,0.49,0.2
18.25,1976.2083,333.36,331.79,18,0.52,0.23
18.33333333,1976.2917,334.74,332.16,18,0.77,0.35
18.41666667,1976.375,334.72,331.75,21,0.56,0.23
18.5,1976.4583,333.97,331.56,15,0.21,0.1
18.58333333,1976.5417,333.08,332.23,15,0.24,0.12
18.66666667,1976.625,330.68,332.07,23,0.51,0.2
18.75,1976.7083,328.96,332.07,13,0.69,0.37
18.83333333,1976.7917,328.72,331.98,19,0.57,0.25
18.91666667,1976.875,330.16,332.35,25,0.36,0.14
19,1976.9583,331.62,332.59,20,0.38,0.16
19.08333333,1977.0417,332.68,332.77,23,0.4,0.16
19.16666667,1977.125,333.17,332.58,20,0.34,0.15
19.25,1977.2083,334.96,333.4,23,0.51,0.21
19.33333333,1977.2917,336.14,333.54,20,0.5,0.21
19.41666667,1977.375,336.93,334,20,0.31,0.13
19.5,1977.4583,336.17,333.79,22,0.4,0.16
19.58333333,1977.5417,334.89,334.01,20,0.23,0.1
19.66666667,1977.625,332.56,333.91,18,0.46,0.21
19.75,1977.7083,331.29,334.36,19,0.46,0.2
19.83333333,1977.7917,331.28,334.51,23,0.29,0.12
19.91666667,1977.875,332.46,334.68,21,0.43,0.18
20,1977.9583,333.6,334.58,25,0.36,0.14
20.08333333,1978.0417,334.94,335.01,22,0.52,0.21
20.16666667,1978.125,335.26,334.6,25,0.5,0.19
20.25,1978.2083,336.66,335,28,0.59,0.21
20.33333333,1978.2917,337.69,335.07,18,0.44,0.2
20.41666667,1978.375,338.02,335.08,26,0.46,0.17
20.5,1978.4583,338.01,335.6,17,0.31,0.15
20.58333333,1978.5417,336.5,335.65,20,0.32,0.14
20.66666667,1978.625,334.42,335.87,19,0.32,0.14
20.75,1978.7083,332.36,335.51,17,0.75,0.35
20.83333333,1978.7917,332.45,335.72,21,0.34,0.14
20.91666667,1978.875,333.76,335.99,24,0.25,0.1
21,1978.9583,334.91,335.88,26,0.33,0.12
21.08333333,1979.0417,336.14,336.22,27,0.55,0.2
21.16666667,1979.125,336.69,336,25,0.3,0.11
21.25,1979.2083,338.27,336.56,21,0.63,0.26
21.33333333,1979.2917,338.82,336.11,24,0.67,0.26
21.41666667,1979.375,339.24,336.24,20,0.5,0.22
21.5,1979.4583,339.26,336.83,19,0.35,0.15
21.58333333,1979.5417,337.54,336.69,26,0.59,0.22
21.66666667,1979.625,335.72,337.2,24,0.6,0.23
21.75,1979.7083,333.97,337.19,19,0.65,0.29
21.83333333,1979.7917,334.24,337.57,25,0.42,0.16
21.91666667,1979.875,335.32,337.59,27,0.3,0.11
22,1979.9583,336.81,337.83,22,0.23,0.09
22.08333333,1980.0417,337.9,338.13,29,0.57,0.2
22.16666667,1980.125,338.34,337.85,26,0.49,0.18
22.25,1980.2083,340.07,338.51,23,0.54,0.22
22.33333333,1980.2917,340.93,338.31,24,0.29,0.11
22.41666667,1980.375,341.45,338.4,24,0.54,0.21
22.5,1980.4583,341.36,338.85,20,0.39,0.17
22.58333333,1980.5417,339.45,338.56,26,0.6,0.22
22.66666667,1980.625,337.67,339.07,16,1.05,0.5
22.75,1980.7083,336.25,339.38,15,0.69,0.34
22.83333333,1980.7917,336.14,339.4,26,0.26,0.1
22.91666667,1980.875,337.3,339.46,27,0.26,0.1
23,1980.9583,338.29,339.26,24,0.25,0.1
23.08333333,1981.0417,339.29,339.42,28,0.39,0.14
23.16666667,1981.125,340.55,339.98,25,0.65,0.25
23.25,1981.2083,341.63,340.08,25,0.48,0.19
23.33333333,1981.2917,342.6,339.98,26,0.46,0.17
23.41666667,1981.375,343.04,339.97,30,0.19,0.07
23.5,1981.4583,342.54,340.06,25,0.29,0.11
23.58333333,1981.5417,340.82,339.92,24,0.46,0.18
23.66666667,1981.625,338.48,339.87,25,0.48,0.18
23.75,1981.7083,336.95,340.17,27,0.55,0.2
23.83333333,1981.7917,337.05,340.39,25,0.39,0.15
23.91666667,1981.875,338.58,340.75,26,0.31,0.12
24,1981.9583,339.91,340.85,20,0.28,0.12
24.08333333,1982.0417,340.93,341.09,28,0.3,0.11
24.16666667,1982.125,341.76,341.16,24,0.49,0.19
24.25,1982.2083,342.78,341.18,17,0.41,0.19
24.33333333,1982.2917,343.96,341.32,7,0.42,0.31
24.41666667,1982.375,344.77,341.67,27,0.37,0.14
24.5,1982.4583,343.88,341.43,27,0.37,0.14
24.58333333,1982.5417,342.42,341.61,28,0.35,0.13
24.66666667,1982.625,340.24,341.64,25,0.61,0.23
24.75,1982.7083,338.37,341.56,21,0.59,0.25
24.83333333,1982.7917,338.41,341.77,26,0.5,0.19
24.91666667,1982.875,339.44,341.59,24,0.39,0.15
25,1982.9583,340.78,341.71,26,0.3,0.11
25.08333333,1983.0417,341.57,341.75,28,0.47,0.17
25.16666667,1983.125,342.79,342.25,24,0.37,0.15
25.25,1983.2083,343.37,341.85,27,0.88,0.32
25.33333333,1983.2917,345.4,342.76,23,0.29,0.12
25.41666667,1983.375,346.14,342.97,28,0.51,0.19
25.5,1983.4583,345.76,343.3,20,0.3,0.13
25.58333333,1983.5417,344.32,343.56,22,0.57,0.23
25.66666667,1983.625,342.51,343.89,16,0.73,0.35
25.75,1983.7083,340.46,343.59,15,0.5,0.25
25.83333333,1983.7917,340.53,343.86,20,0.31,0.13
25.91666667,1983.875,341.79,343.92,27,0.33,0.12
26,1983.9583,343.2,344.12,21,0.25,0.1
26.08333333,1984.0417,344.21,344.32,23,0.4,0.16
26.16666667,1984.125,344.92,344.39,23,0.32,0.13
26.25,1984.2083,345.68,344.26,19,0.3,0.13
26.33333333,1984.2917,347.38,344.75,2,-9.99,0
26.41666667,1984.375,347.77,344.59,20,0.42,0.18
26.5,1984.4583,347.16,344.73,20,0.31,0.13
26.58333333,1984.5417,345.79,345.02,18,0.33,0.15
26.66666667,1984.625,343.74,345.12,12,0.45,0.25
26.75,1984.7083,341.59,344.76,14,0.72,0.37
26.83333333,1984.7917,341.86,345.19,12,0.36,0.2
26.91666667,1984.875,343.31,345.41,18,0.41,0.19
27,1984.9583,345,345.88,14,0.53,0.27
27.08333333,1985.0417,345.48,345.59,25,0.38,0.14
27.16666667,1985.125,346.41,345.92,15,0.37,0.18
27.25,1985.2083,347.91,346.56,17,0.34,0.16
27.33333333,1985.2917,348.66,346.08,21,0.61,0.25
27.41666667,1985.375,349.28,346.12,20,0.51,0.22
27.5,1985.4583,348.65,346.23,21,0.34,0.14
27.58333333,1985.5417,346.9,346.08,17,0.36,0.17
27.66666667,1985.625,345.26,346.57,16,0.57,0.27
27.75,1985.7083,343.47,346.59,24,0.57,0.22
27.83333333,1985.7917,343.35,346.6,20,0.29,0.13
27.91666667,1985.875,344.73,346.82,21,0.4,0.17
28,1985.9583,346.12,347.04,26,0.62,0.23
28.08333333,1986.0417,346.78,346.82,25,0.31,0.12
28.16666667,1986.125,347.48,346.98,25,0.45,0.17
28.25,1986.2083,348.25,346.93,16,0.7,0.34
28.33333333,1986.2917,349.86,347.29,19,0.38,0.17
28.41666667,1986.375,350.52,347.42,18,0.31,0.14
28.5,1986.4583,349.98,347.61,17,0.25,0.11
28.58333333,1986.5417,348.25,347.43,20,0.47,0.2
28.66666667,1986.625,346.17,347.51,18,0.48,0.21
28.75,1986.7083,345.48,348.61,17,0.63,0.29
28.83333333,1986.7917,344.82,348.04,25,0.32,0.12
28.91666667,1986.875,346.22,348.28,21,0.3,0.13
29,1986.9583,347.48,348.36,24,0.35,0.14
29.08333333,1987.0417,348.73,348.66,25,0.46,0.17
29.16666667,1987.125,348.92,348.24,25,0.58,0.22
29.25,1987.2083,349.81,348.39,21,0.35,0.15
29.33333333,1987.2917,351.4,348.84,26,0.68,0.25
29.41666667,1987.375,352.15,349.09,28,0.37,0.13
29.5,1987.4583,351.58,349.29,22,0.21,0.09
29.58333333,1987.5417,350.21,349.51,17,0.73,0.34
29.66666667,1987.625,348.2,349.65,15,0.85,0.42
29.75,1987.7083,346.66,349.85,23,0.61,0.24
29.83333333,1987.7917,346.72,349.96,22,0.41,0.17
29.91666667,1987.875,348.08,350.15,23,0.33,0.13
30,1987.9583,349.28,350.14,27,0.2,0.08
30.08333333,1988.0417,350.51,350.49,24,0.21,0.08
30.16666667,1988.125,351.7,350.99,23,0.57,0.23
30.25,1988.2083,352.5,350.99,25,0.78,0.3
30.33333333,1988.2917,353.67,351.03,27,0.48,0.18
30.41666667,1988.375,354.35,351.22,28,0.37,0.13
30.5,1988.4583,353.88,351.55,26,0.3,0.11
30.58333333,1988.5417,352.8,352.16,27,0.49,0.18
30.66666667,1988.625,350.49,352.01,26,0.62,0.23
30.75,1988.7083,348.97,352.18,26,0.47,0.18
30.83333333,1988.7917,349.37,352.62,26,0.31,0.12
30.91666667,1988.875,350.42,352.53,25,0.2,0.08
31,1988.9583,351.62,352.52,28,0.36,0.13
31.08333333,1989.0417,353.07,352.99,28,0.45,0.16
31.16666667,1989.125,353.43,352.69,25,0.38,0.15
31.25,1989.2083,354.08,352.6,29,0.53,0.19
31.33333333,1989.2917,355.72,353.07,28,0.47,0.17
31.41666667,1989.375,355.95,352.78,27,0.49,0.18
31.5,1989.4583,355.44,353.06,26,0.42,0.16
31.58333333,1989.5417,354.05,353.38,26,0.41,0.15
31.66666667,1989.625,351.84,353.43,25,0.48,0.18
31.75,1989.7083,350.09,353.37,24,0.69,0.27
31.83333333,1989.7917,350.33,353.57,25,0.34,0.13
31.91666667,1989.875,351.55,353.68,27,0.36,0.13
32,1989.9583,352.91,353.84,27,0.48,0.18
32.08333333,1990.0417,353.86,353.78,25,0.34,0.13
32.16666667,1990.125,355.1,354.37,28,0.66,0.24
32.25,1990.2083,355.75,354.26,27,0.57,0.21
32.33333333,1990.2917,356.38,353.76,28,0.55,0.2
32.41666667,1990.375,357.38,354.23,28,0.3,0.11
32.5,1990.4583,356.39,354.02,29,0.4,0.14
32.58333333,1990.5417,354.89,354.24,30,0.89,0.31
32.66666667,1990.625,353.06,354.68,22,0.62,0.25
32.75,1990.7083,351.38,354.69,27,0.72,0.26
32.83333333,1990.7917,351.69,354.94,28,0.3,0.11
32.91666667,1990.875,353.14,355.18,24,0.2,0.08
33,1990.9583,354.41,355.26,28,0.51,0.19
33.08333333,1991.0417,354.93,354.91,28,0.51,0.18
33.16666667,1991.125,355.82,355.11,26,0.54,0.2
33.25,1991.2083,357.33,355.79,30,0.73,0.25
33.33333333,1991.2917,358.77,356.13,30,0.66,0.23
33.41666667,1991.375,359.23,356.1,29,0.52,0.19
33.5,1991.4583,358.23,355.88,29,0.3,0.11
33.58333333,1991.5417,356.3,355.69,24,0.46,0.18
33.66666667,1991.625,353.97,355.59,23,0.39,0.15
33.75,1991.7083,352.34,355.66,27,0.37,0.14
33.83333333,1991.7917,352.43,355.69,27,0.25,0.09
33.91666667,1991.875,353.89,355.87,28,0.25,0.09
34,1991.9583,355.21,356.02,30,0.34,0.12
34.08333333,1992.0417,356.34,356.29,31,0.6,0.21
34.16666667,1992.125,357.21,356.47,27,0.56,0.21
34.25,1992.2083,357.97,356.38,24,0.72,0.28
34.33333333,1992.2917,359.22,356.51,27,0.53,0.2
34.41666667,1992.375,359.71,356.52,26,0.74,0.28
34.5,1992.4583,359.44,357.07,30,0.49,0.17
34.58333333,1992.5417,357.15,356.58,25,0.63,0.24
34.66666667,1992.625,354.99,356.67,24,0.62,0.24
34.75,1992.7083,353.01,356.36,25,0.98,0.38
34.83333333,1992.7917,353.4,356.72,29,0.56,0.2
34.91666667,1992.875,354.42,356.48,29,0.34,0.12
35,1992.9583,355.68,356.5,31,0.32,0.11
35.08333333,1993.0417,357.1,357.06,28,0.58,0.21
35.16666667,1993.125,357.42,356.54,28,0.49,0.18
35.25,1993.2083,358.59,356.88,30,0.72,0.25
35.33333333,1993.2917,359.39,356.71,25,0.53,0.2
35.41666667,1993.375,360.3,357.14,30,0.45,0.16
35.5,1993.4583,359.64,357.24,28,0.35,0.13
35.58333333,1993.5417,357.45,356.87,25,0.78,0.3
35.66666667,1993.625,355.76,357.44,27,0.62,0.23
35.75,1993.7083,354.14,357.51,23,0.73,0.29
35.83333333,1993.7917,354.23,357.6,28,0.29,0.11
35.91666667,1993.875,355.53,357.65,29,0.26,0.09
36,1993.9583,357.03,357.92,29,0.28,0.1
36.08333333,1994.0417,358.36,358.25,27,0.33,0.12
36.16666667,1994.125,359.04,358.21,25,0.5,0.19
36.25,1994.2083,360.11,358.41,29,0.82,0.29
36.33333333,1994.2917,361.36,358.59,28,0.5,0.18
36.41666667,1994.375,361.78,358.59,30,0.45,0.16
36.5,1994.4583,360.94,358.57,27,0.3,0.11
36.58333333,1994.5417,359.51,358.91,31,0.41,0.14
36.66666667,1994.625,357.59,359.29,24,0.43,0.17
36.75,1994.7083,355.86,359.31,24,0.58,0.23
36.83333333,1994.7917,356.21,359.63,28,0.28,0.1
36.91666667,1994.875,357.65,359.8,28,0.51,0.18
37,1994.9583,359.1,359.96,28,0.46,0.17
37.08333333,1995.0417,360.04,359.91,30,0.47,0.16
37.16666667,1995.125,361,360.18,28,0.52,0.19
37.25,1995.2083,361.98,360.37,29,0.78,0.28
37.33333333,1995.2917,363.44,360.76,29,0.65,0.23
37.41666667,1995.375,363.83,360.73,29,0.66,0.24
37.5,1995.4583,363.33,360.98,27,0.37,0.14
37.58333333,1995.5417,361.78,361.1,28,0.36,0.13
37.66666667,1995.625,359.33,360.93,24,0.7,0.28
37.75,1995.7083,358.32,361.7,24,0.68,0.26
37.83333333,1995.7917,358.14,361.52,29,0.26,0.09
37.91666667,1995.875,359.61,361.75,26,0.24,0.09
38,1995.9583,360.82,361.67,30,0.36,0.12
38.08333333,1996.0417,362.2,361.98,29,0.38,0.13
38.16666667,1996.125,363.36,362.47,28,0.55,0.2
38.25,1996.2083,364.28,362.64,28,0.67,0.24
38.33333333,1996.2917,364.69,361.99,29,0.59,0.21
38.41666667,1996.375,365.25,362.23,30,0.57,0.2
38.5,1996.4583,365.06,362.82,30,0.38,0.13
38.58333333,1996.5417,363.69,362.98,31,0.32,0.11
38.66666667,1996.625,361.55,363.13,27,0.49,0.18
38.75,1996.7083,359.69,363.14,25,0.75,0.29
38.83333333,1996.7917,359.72,363.12,29,0.32,0.11
38.91666667,1996.875,361.04,363.18,29,0.29,0.1
39,1996.9583,362.39,363.23,29,0.36,0.13
39.08333333,1997.0417,363.24,363.03,31,0.4,0.14
39.16666667,1997.125,364.21,363.4,28,0.62,0.22
39.25,1997.2083,364.65,363.02,31,0.4,0.14
39.33333333,1997.2917,366.48,363.82,21,0.46,0.19
39.41666667,1997.375,366.77,363.87,29,0.53,0.19
39.5,1997.4583,365.73,363.56,27,0.23,0.09
39.58333333,1997.5417,364.46,363.74,24,0.47,0.18
39.66666667,1997.625,362.4,363.98,25,0.57,0.22
39.75,1997.7083,360.44,363.83,26,0.63,0.24
39.83333333,1997.7917,360.97,364.28,27,0.32,0.12
39.91666667,1997.875,362.65,364.71,30,0.31,0.11
40,1997.9583,364.51,365.28,30,0.41,0.14
40.08333333,1998.0417,365.39,365.19,30,0.43,0.15
40.16666667,1998.125,366.1,365.29,28,0.62,0.23
40.25,1998.2083,367.36,365.73,31,0.82,0.28
40.33333333,1998.2917,368.79,366.17,29,0.63,0.22
40.41666667,1998.375,369.56,366.68,30,0.77,0.27
40.5,1998.4583,369.13,366.95,28,0.24,0.09
40.58333333,1998.5417,367.98,367.29,23,0.65,0.26
40.66666667,1998.625,366.1,367.69,30,0.3,0.1
40.75,1998.7083,364.16,367.52,28,0.4,0.14
40.83333333,1998.7917,364.54,367.82,30,0.26,0.09
40.91666667,1998.875,365.67,367.7,23,0.25,0.1
41,1998.9583,367.3,368.05,26,0.36,0.14
41.08333333,1999.0417,368.35,368.13,27,0.47,0.17
41.16666667,1999.125,369.28,368.46,21,0.47,0.2
41.25,1999.2083,369.84,368.24,25,0.81,0.31
41.33333333,1999.2917,371.15,368.62,29,0.67,0.24
41.41666667,1999.375,371.12,368.31,26,0.59,0.22
41.5,1999.4583,370.46,368.29,26,0.44,0.16
41.58333333,1999.5417,369.61,368.93,27,0.63,0.23
41.66666667,1999.625,367.06,368.63,25,0.38,0.14
41.75,1999.7083,364.95,368.28,28,0.74,0.27
41.83333333,1999.7917,365.52,368.8,31,0.28,0.1
41.91666667,1999.875,366.88,368.86,28,0.25,0.09
42,1999.9583,368.26,368.93,26,0.29,0.11
42.08333333,2000.0417,369.45,369.24,26,0.48,0.18
42.16666667,2000.125,369.71,368.99,19,0.48,0.21
42.25,2000.2083,370.75,369.24,30,0.47,0.16
42.33333333,2000.2917,371.98,369.44,27,0.58,0.21
42.41666667,2000.375,371.74,368.87,28,0.53,0.19
42.5,2000.4583,371.87,369.66,28,0.24,0.09
42.58333333,2000.5417,370.02,369.36,25,0.31,0.12
42.66666667,2000.625,368.27,369.87,27,0.42,0.15
42.75,2000.7083,367.15,370.46,25,0.36,0.14
42.83333333,2000.7917,367.18,370.42,30,0.27,0.09
42.91666667,2000.875,368.53,370.48,25,0.3,0.12
43,2000.9583,369.83,370.46,30,0.38,0.13
43.08333333,2001.0417,370.76,370.6,30,0.56,0.2
43.16666667,2001.125,371.69,370.95,26,0.61,0.23
43.25,2001.2083,372.63,371.06,26,0.46,0.17
43.33333333,2001.2917,373.55,370.99,29,0.56,0.2
43.41666667,2001.375,374.03,371.11,24,0.41,0.16
43.5,2001.4583,373.4,371.17,26,0.37,0.14
43.58333333,2001.5417,371.68,371.08,25,0.62,0.24
43.66666667,2001.625,369.78,371.39,27,0.6,0.22
43.75,2001.7083,368.34,371.61,28,0.49,0.18
43.83333333,2001.7917,368.61,371.85,31,0.33,0.11
43.91666667,2001.875,369.94,371.92,24,0.24,0.09
44,2001.9583,371.42,372.09,29,0.4,0.14
44.08333333,2002.0417,372.7,372.48,28,0.52,0.19
44.16666667,2002.125,373.37,372.49,28,0.66,0.24
44.25,2002.2083,374.3,372.61,24,0.62,0.24
44.33333333,2002.2917,375.19,372.54,29,0.55,0.19
44.41666667,2002.375,375.93,372.98,29,0.57,0.2
44.5,2002.4583,375.69,373.46,28,0.46,0.17
44.58333333,2002.5417,374.16,373.58,25,0.47,0.18
44.66666667,2002.625,372.03,373.7,28,0.65,0.24
44.75,2002.7083,370.92,374.28,23,0.74,0.3
44.83333333,2002.7917,370.73,374.06,31,0.62,0.21
44.91666667,2002.875,372.43,374.52,29,0.43,0.15
45,2002.9583,373.98,374.72,31,0.46,0.16
45.08333333,2003.0417,375.07,374.82,30,0.51,0.18
45.16666667,2003.125,375.82,374.95,27,0.58,0.21
45.25,2003.2083,376.64,374.99,28,0.63,0.23
45.33333333,2003.2917,377.92,375.24,27,0.37,0.14
45.41666667,2003.375,378.78,375.73,30,0.78,0.27
45.5,2003.4583,378.46,376.22,25,0.39,0.15
45.58333333,2003.5417,376.88,376.37,29,0.7,0.25
45.66666667,2003.625,374.57,376.27,23,0.57,0.23
45.75,2003.7083,373.34,376.65,25,0.37,0.14
45.83333333,2003.7917,373.31,376.65,30,0.33,0.12
45.91666667,2003.875,374.84,376.99,26,0.45,0.17
46,2003.9583,376.17,376.93,27,0.4,0.15
46.08333333,2004.0417,377.17,376.96,30,0.45,0.16
46.16666667,2004.125,378.05,377.19,29,0.74,0.26
46.25,2004.2083,379.06,377.4,27,0.84,0.31
46.33333333,2004.2917,380.54,377.8,26,0.52,0.19
46.41666667,2004.375,380.8,377.66,28,0.61,0.22
46.5,2004.4583,379.87,377.57,21,0.47,0.19
46.58333333,2004.5417,377.65,377.12,25,0.5,0.19
46.66666667,2004.625,376.17,377.9,16,0.45,0.21
46.75,2004.7083,374.43,377.8,15,0.56,0.28
46.83333333,2004.7917,374.63,377.99,29,0.19,0.07
46.91666667,2004.875,376.33,378.49,29,0.62,0.22
47,2004.9583,377.68,378.48,30,0.29,0.1
47.08333333,2005.0417,378.63,378.37,31,0.32,0.11
47.16666667,2005.125,379.91,379.1,24,0.6,0.24
47.25,2005.2083,380.95,379.45,26,1.16,0.44
47.33333333,2005.2917,382.48,379.84,26,0.53,0.2
47.41666667,2005.375,382.64,379.49,31,0.61,0.21
47.5,2005.4583,382.4,380.07,28,0.21,0.08
47.58333333,2005.5417,380.93,380.38,29,0.38,0.13
47.66666667,2005.625,378.93,380.61,26,0.53,0.2
47.75,2005.7083,376.89,380.2,27,0.51,0.19
47.83333333,2005.7917,377.19,380.5,14,0.15,0.08
47.91666667,2005.875,378.54,380.69,23,0.45,0.18
48,2005.9583,380.31,381.09,26,0.39,0.15
48.08333333,2006.0417,381.58,381.34,24,0.31,0.12
48.16666667,2006.125,382.4,381.58,25,0.51,0.2
48.25,2006.2083,382.86,381.32,29,0.55,0.2
48.33333333,2006.2917,384.8,382.11,25,0.49,0.19
48.41666667,2006.375,385.22,382.06,24,0.45,0.17
48.5,2006.4583,384.24,381.93,28,0.43,0.16
48.58333333,2006.5417,382.65,382.1,24,0.32,0.12
48.66666667,2006.625,380.6,382.27,27,0.47,0.17
48.75,2006.7083,379.04,382.35,25,0.42,0.16
48.83333333,2006.7917,379.33,382.66,23,0.4,0.16
48.91666667,2006.875,380.35,382.52,29,0.39,0.14
49,2006.9583,382.02,382.84,27,0.38,0.14
49.08333333,2007.0417,383.1,382.88,24,0.76,0.3
49.16666667,2007.125,384.12,383.22,21,0.81,0.34
49.25,2007.2083,384.81,383.17,27,0.63,0.23
49.33333333,2007.2917,386.73,383.95,25,0.76,0.29
49.41666667,2007.375,386.78,383.56,29,0.64,0.23
49.5,2007.4583,386.33,384.06,26,0.42,0.16
49.58333333,2007.5417,384.73,384.25,27,0.44,0.16
49.66666667,2007.625,382.24,383.95,22,0.64,0.26
49.75,2007.7083,381.2,384.56,21,0.45,0.19
49.83333333,2007.7917,381.37,384.72,29,0.19,0.07
49.91666667,2007.875,382.7,384.9,30,0.31,0.11
50,2007.9583,384.19,385.07,22,0.34,0.14
50.08333333,2008.0417,385.78,385.54,31,0.56,0.19
50.16666667,2008.125,386.06,385.2,26,0.58,0.22
50.25,2008.2083,386.28,384.72,30,0.6,0.21
50.33333333,2008.2917,387.33,384.71,22,1.19,0.49
50.41666667,2008.375,388.78,385.69,25,0.57,0.22
50.5,2008.4583,387.99,385.68,23,0.49,0.2
50.58333333,2008.5417,386.62,386.05,10,0.96,0.58
50.66666667,2008.625,384.32,385.98,25,0.66,0.25
50.75,2008.7083,383.41,386.69,27,0.34,0.12
50.83333333,2008.7917,383.22,386.5,23,0.27,0.11
50.91666667,2008.875,384.41,386.58,28,0.29,0.11
51,2008.9583,385.79,386.64,29,0.27,0.1
51.08333333,2009.0417,387.17,386.86,30,0.38,0.13
51.16666667,2009.125,387.7,386.81,26,0.49,0.18
51.25,2009.2083,389.04,387.54,28,0.68,0.25
51.33333333,2009.2917,389.76,387.15,29,0.85,0.3
51.41666667,2009.375,390.36,387.24,30,0.51,0.18
51.5,2009.4583,389.7,387.46,29,0.6,0.21
51.58333333,2009.5417,388.24,387.77,22,0.31,0.13
51.66666667,2009.625,386.29,387.99,28,0.62,0.22
51.75,2009.7083,384.95,388.22,28,0.56,0.2
51.83333333,2009.7917,384.64,387.88,30,0.31,0.11
51.91666667,2009.875,386.23,388.36,30,0.29,0.1
52,2009.9583,387.63,388.43,20,0.47,0.2
52.08333333,2010.0417,388.91,388.62,30,0.92,0.32
52.16666667,2010.125,390.41,389.47,20,1.31,0.56
52.25,2010.2083,391.37,389.85,25,1.05,0.4
52.33333333,2010.2917,392.67,390.12,26,0.65,0.24
52.41666667,2010.375,393.21,390.09,29,0.65,0.23
52.5,2010.4583,392.38,390.1,28,0.42,0.15
52.58333333,2010.5417,390.41,389.93,29,0.47,0.17
52.66666667,2010.625,388.54,390.21,26,0.41,0.16
52.75,2010.7083,387.03,390.32,29,0.55,0.19
52.83333333,2010.7917,387.43,390.72,31,0.27,0.09
52.91666667,2010.875,388.87,390.99,29,0.42,0.15
53,2010.9583,389.99,390.8,29,0.47,0.17
53.08333333,2011.0417,391.5,391.19,29,0.88,0.31
53.16666667,2011.125,392.05,391.12,28,0.47,0.17
53.25,2011.2083,392.8,391.27,29,0.97,0.35
53.33333333,2011.2917,393.44,390.83,28,0.73,0.26
53.41666667,2011.375,394.41,391.24,29,0.93,0.33
53.5,2011.4583,393.95,391.64,28,0.45,0.16
53.58333333,2011.5417,392.72,392.24,26,0.71,0.26
53.66666667,2011.625,390.33,392.04,27,0.42,0.15
53.75,2011.7083,389.28,392.6,26,0.31,0.12
53.83333333,2011.7917,389.19,392.53,30,0.17,0.06
53.91666667,2011.875,390.48,392.64,28,0.26,0.1
54,2011.9583,392.06,392.86,26,0.37,0.14
54.08333333,2012.0417,393.31,393.07,30,0.77,0.27
54.16666667,2012.125,394.04,393.2,26,1.19,0.45
54.25,2012.2083,394.59,392.99,30,0.63,0.22
54.33333333,2012.2917,396.38,393.65,29,0.59,0.21
54.41666667,2012.375,396.93,393.73,30,0.5,0.17
54.5,2012.4583,395.91,393.63,28,0.59,0.21
54.58333333,2012.5417,394.56,394.12,26,0.3,0.11
54.66666667,2012.625,392.59,394.37,30,0.52,0.18
54.75,2012.7083,391.32,394.75,26,0.42,0.16
54.83333333,2012.7917,391.27,394.64,28,0.23,0.08
54.91666667,2012.875,393.2,395.25,29,0.53,0.19
55,2012.9583,394.57,395.27,29,0.44,0.16
55.08333333,2013.0417,395.78,395.62,28,0.6,0.22
55.16666667,2013.125,397.03,396.23,25,0.57,0.22
55.25,2013.2083,397.66,396.07,30,0.71,0.25
55.33333333,2013.2917,398.64,395.79,22,0.59,0.24
55.41666667,2013.375,400.02,396.64,28,0.37,0.13
55.5,2013.4583,398.81,396.48,26,0.43,0.16
55.58333333,2013.5417,397.51,397.13,21,0.52,0.22
55.66666667,2013.625,395.39,397.27,27,0.45,0.16
55.75,2013.7083,393.72,397.24,26,0.35,0.13
55.83333333,2013.7917,393.9,397.25,28,0.16,0.06
55.91666667,2013.875,395.36,397.35,30,0.6,0.21
56,2013.9583,397.03,397.78,30,0.48,0.17
56.08333333,2014.0417,398.04,397.74,31,0.49,0.17
56.16666667,2014.125,398.27,397.45,27,0.51,0.19
56.25,2014.2083,399.91,398.37,22,0.84,0.34
56.33333333,2014.2917,401.51,398.63,26,0.5,0.19
56.41666667,2014.375,401.96,398.56,22,0.51,0.21
56.5,2014.4583,401.43,399.1,28,0.36,0.13
56.58333333,2014.5417,399.27,398.85,25,0.55,0.21
56.66666667,2014.625,397.18,399.07,22,0.28,0.12
56.75,2014.7083,395.54,399.11,21,0.54,0.23
56.83333333,2014.7917,396.16,399.58,24,0.73,0.29
56.91666667,2014.875,397.4,399.49,27,0.37,0.14
57,2014.9583,399.08,399.81,29,0.6,0.21
57.08333333,2015.0417,400.18,399.92,30,0.55,0.19
57.16666667,2015.125,400.55,399.77,28,0.63,0.23
57.25,2015.2083,401.74,400.22,24,1.02,0.4
57.33333333,2015.2917,403.35,400.46,26,0.86,0.32
57.41666667,2015.375,404.15,400.7,30,0.32,0.11
57.5,2015.4583,402.97,400.65,29,0.47,0.17
57.58333333,2015.5417,401.46,401.11,24,0.57,0.22
57.66666667,2015.625,399.11,401.04,28,0.74,0.27
57.75,2015.7083,397.82,401.43,25,0.32,0.12
57.83333333,2015.7917,398.49,401.89,28,0.56,0.2
57.91666667,2015.875,400.27,402.24,25,0.58,0.22
58,2015.9583,402.06,402.72,30,0.67,0.23
58.08333333,2016.0417,402.73,402.45,27,0.56,0.21
58.16666667,2016.125,404.25,403.4,25,1.11,0.43
58.25,2016.2083,405.06,403.54,28,0.81,0.29
58.33333333,2016.2917,407.6,404.77,23,1.04,0.41
58.41666667,2016.375,407.9,404.41,29,0.5,0.18
58.5,2016.4583,406.99,404.59,26,0.6,0.23
58.58333333,2016.5417,404.59,404.24,28,0.88,0.32
58.66666667,2016.625,402.45,404.41,24,0.6,0.23
58.75,2016.7083,401.23,404.85,25,0.44,0.17
58.83333333,2016.7917,401.79,405.23,29,0.3,0.11
58.91666667,2016.875,403.72,405.74,27,0.72,0.26
59,2016.9583,404.64,405.33,29,0.44,0.16
59.08333333,2017.0417,406.36,406.04,27,0.68,0.25
59.16666667,2017.125,406.65,405.8,26,0.71,0.27
59.25,2017.2083,407.54,406.05,24,1.03,0.4
59.33333333,2017.2917,409.22,406.37,26,0.86,0.32
59.41666667,2017.375,409.89,406.37,27,0.57,0.21
59.5,2017.4583,409.08,406.68,26,0.54,0.2
59.58333333,2017.5417,407.33,407.01,28,0.61,0.22
59.66666667,2017.625,405.32,407.31,29,0.32,0.12
59.75,2017.7083,403.57,407.17,26,0.37,0.14
59.83333333,2017.7917,403.82,407.23,27,0.3,0.11
59.91666667,2017.875,405.31,407.36,26,0.41,0.15
60,2017.9583,407,407.71,31,0.57,0.2
60.08333333,2018.0417,408.15,407.83,29,0.55,0.19
60.16666667,2018.125,408.52,407.61,28,0.52,0.19
60.25,2018.2083,409.59,408.06,29,0.65,0.23
60.33333333,2018.2917,410.45,407.65,21,0.9,0.38
60.41666667,2018.375,411.44,407.98,24,0.86,0.33
60.5,2018.4583,410.99,408.6,29,0.61,0.22
60.58333333,2018.5417,408.9,408.6,27,0.46,0.17
60.66666667,2018.625,407.16,409.17,31,0.28,0.1
60.75,2018.7083,405.71,409.3,29,0.45,0.16
60.83333333,2018.7917,406.19,409.56,30,0.32,0.11
60.91666667,2018.875,408.21,410.24,24,0.56,0.22
61,2018.9583,409.27,409.99,30,0.5,0.17
61.08333333,2019.0417,411.03,410.69,26,1.26,0.47
61.16666667,2019.125,411.96,410.97,27,1.14,0.42
61.25,2019.2083,412.18,410.71,28,1.12,0.4
61.33333333,2019.2917,413.54,410.92,27,0.6,0.22
61.41666667,2019.375,414.86,411.47,28,0.5,0.18
61.5,2019.4583,414.15,411.74,27,0.36,0.13
61.58333333,2019.5417,411.96,411.64,25,0.81,0.31
61.66666667,2019.625,410.17,412.1,29,0.32,0.11
61.75,2019.7083,408.76,412.26,29,0.35,0.13
61.83333333,2019.7917,408.74,412.09,29,0.31,0.11
61.91666667,2019.875,410.47,412.5,26,0.4,0.15
62,2019.9583,411.97,412.71,31,0.4,0.14
62.08333333,2020.0417,413.59,413.22,29,0.73,0.26
62.16666667,2020.125,414.32,413.4,28,0.69,0.25
62.25,2020.2083,414.72,413.35,26,0.32,0.12
62.33333333,2020.2917,416.42,413.92,28,0.65,0.24
62.41666667,2020.375,417.28,413.98,27,0.61,0.23
62.5,2020.4583,416.58,414.15,27,0.44,0.16
62.58333333,2020.5417,414.58,414.19,30,0.57,0.2
62.66666667,2020.625,412.75,414.6,25,0.25,0.1
62.75,2020.7083,411.5,414.9,29,0.31,0.11
62.83333333,2020.7917,411.49,414.79,30,0.22,0.08
62.91666667,2020.875,413.1,415.11,27,0.81,0.3
63,2020.9583,414.23,414.91,30,0.48,0.17
63.08333333,2021.0417,415.49,415.23,29,0.44,0.16
63.16666667,2021.125,416.72,415.8,28,1.02,0.37
63.25,2021.2083,417.61,416.17,28,0.86,0.31
63.33333333,2021.2917,419.01,416.59,24,1.12,0.44
63.41666667,2021.375,419.09,415.88,28,0.9,0.32
63.5,2021.4583,418.93,416.48,29,0.65,0.23
63.58333333,2021.5417,416.9,416.48,31,0.71,0.24
63.66666667,2021.625,414.42,416.27,25,0.74,0.28
63.75,2021.7083,413.26,416.63,27,0.29,0.11
63.83333333,2021.7917,413.9,417.14,29,0.35,0.12
63.91666667,2021.875,414.97,416.92,30,0.36,0.13
64,2021.9583,416.67,417.37,28,0.48,0.17
64.08333333,2022.0417,418.13,417.86,30,0.72,0.25
64.16666667,2022.125,419.24,418.32,27,0.92,0.34
64.25,2022.2083,418.76,417.31,30,0.78,0.27
64.33333333,2022.2917,420.19,417.67,28,0.86,0.31
64.41666667,2022.375,420.97,417.7,31,0.75,0.26
64.5,2022.4583,420.94,418.47,28,0.3,0.11
64.58333333,2022.5417,418.85,418.41,27,0.57,0.21
64.66666667,2022.625,417.15,419.03,27,0.37,0.13
64.75,2022.7083,415.91,419.3,28,0.41,0.15
64.83333333,2022.7917,415.74,418.97,30,0.27,0.1
64.91666667,2022.875,417.47,419.51,25,0.52,0.2
65,2022.9583,418.99,419.79,24,0.57,0.22
65.08333333,2023.0417,419.47,419.22,31,0.39,0.14
65.16666667,2023.125,420.31,419.39,23,0.7,0.28
65.25,2023.2083,420.99,419.53,30,0.74,0.26
65.33333333,2023.2917,423.31,420.81,27,0.56,0.21
65.41666667,2023.375,424,420.76,31,0.7,0.24
65.5,2023.4583,423.68,421.23,29,0.57,0.2
65.58333333,2023.5417,421.83,421.42,21,0.48,0.2
65.66666667,2023.625,419.68,421.57,21,0.45,0.19
65.75,2023.7083,418.5,421.91,18,0.3,0.14
65.83333333,2023.7917,418.82,422.05,27,0.47,0.17
65.91666667,2023.875,420.46,422.43,21,0.91,0.38
66,2023.9583,421.86,422.61,20,0.69,0.29
66.08333333,2024.0417,422.8,422.56,27,0.7,0.26
66.16666667,2024.125,424.55,423.63,22,1.24,0.51
66.25,2024.2083,425.38,423.92,22,0.99,0.4
66.33333333,2024.2917,426.51,424.02,22,0.99,0.4
66.41666667,2024.375,426.9,423.65,29,0.76,0.27
66.5,2024.4583,426.91,424.46,20,0.65,0.28
66.58333333,2024.5417,425.55,425.14,24,0.69,0.27
66.66666667,2024.625,422.99,424.88,22,1.08,0.44
66.75,2024.7083,422.03,425.44,18,0.41,0.18
66.83333333,2024.7917,422.38,425.62,22,0.35,0.14
66.91666667,2024.875,423.85,425.82,24,0.33,0.13
67,2024.9583,425.4,426.15,28,0.7,0.25
67.08333333,2025.0417,426.65,426.4,29,0.62,0.22
67.16666667,2025.125,427.09,426.16,24,0.64,0.25
67.25,2025.2083,428.15,426.68,27,1.13,0.41
67.33333333,2025.2917,429.64,427.14,23,0.73,0.29
67.41666667,2025.375,430.51,427.26,23,0.39,0.16
67.5,2025.4583,429.61,427.16,26,0.71,0.27
67.58333333,2025.5417,427.87,427.46,24,0.31,0.12
67.66666667,2025.625,425.48,427.37,24,0.38,0.15
67.75,2025.7083,424.37,427.78,19,0.48,0.21
67.83333333,2025.7917,424.87,428.11,19,0.32,0.14
67.91666667,2025.875,426.46,428.43,20,0.69,0.3
68,2025.9583,427.49,428.24,24,0.32,0.12
68.08333333,2026.0417,428.62,428.37,25,0.71,0.27
